[
{
  "model": "admin.logentry",
  "pk": 4,
  "fields": {
    "action_time": "2025-07-28T12:12:17.446Z",
    "user": 6,
    "content_type": 4,
    "object_id": "7",
    "object_repr": "user",
    "action_flag": 1,
    "change_message": "[{\"added\": {}}]"
  }
},
{
  "model": "admin.logentry",
  "pk": 5,
  "fields": {
    "action_time": "2025-07-28T12:23:14.305Z",
    "user": 6,
    "content_type": 10,
    "object_id": "1",
    "object_repr": "Post object (1)",
    "action_flag": 1,
    "change_message": "[{\"added\": {}}]"
  }
},
{
  "model": "admin.logentry",
  "pk": 6,
  "fields": {
    "action_time": "2025-07-28T12:23:46.816Z",
    "user": 6,
    "content_type": 10,
    "object_id": "2",
    "object_repr": "Post object (2)",
    "action_flag": 1,
    "change_message": "[{\"added\": {}}]"
  }
},
{
  "model": "admin.logentry",
  "pk": 7,
  "fields": {
    "action_time": "2025-07-28T12:24:15.001Z",
    "user": 6,
    "content_type": 10,
    "object_id": "3",
    "object_repr": "Post object (3)",
    "action_flag": 1,
    "change_message": "[{\"added\": {}}]"
  }
},
{
  "model": "admin.logentry",
  "pk": 8,
  "fields": {
    "action_time": "2025-07-28T12:24:44.687Z",
    "user": 6,
    "content_type": 10,
    "object_id": "4",
    "object_repr": "Post object (4)",
    "action_flag": 1,
    "change_message": "[{\"added\": {}}]"
  }
},
{
  "model": "admin.logentry",
  "pk": 9,
  "fields": {
    "action_time": "2025-07-28T12:25:12.080Z",
    "user": 6,
    "content_type": 10,
    "object_id": "5",
    "object_repr": "Post object (5)",
    "action_flag": 1,
    "change_message": "[{\"added\": {}}]"
  }
},
{
  "model": "admin.logentry",
  "pk": 10,
  "fields": {
    "action_time": "2025-07-28T12:25:38.701Z",
    "user": 6,
    "content_type": 10,
    "object_id": "6",
    "object_repr": "Post object (6)",
    "action_flag": 1,
    "change_message": "[{\"added\": {}}]"
  }
},
{
  "model": "admin.logentry",
  "pk": 11,
  "fields": {
    "action_time": "2025-07-28T12:26:12.026Z",
    "user": 6,
    "content_type": 10,
    "object_id": "7",
    "object_repr": "Post object (7)",
    "action_flag": 1,
    "change_message": "[{\"added\": {}}]"
  }
},
{
  "model": "admin.logentry",
  "pk": 12,
  "fields": {
    "action_time": "2025-07-28T12:26:38.788Z",
    "user": 6,
    "content_type": 10,
    "object_id": "8",
    "object_repr": "Post object (8)",
    "action_flag": 1,
    "change_message": "[{\"added\": {}}]"
  }
},
{
  "model": "auth.permission",
  "pk": 1,
  "fields": {
    "name": "Can add log entry",
    "content_type": 1,
    "codename": "add_logentry"
  }
},
{
  "model": "auth.permission",
  "pk": 2,
  "fields": {
    "name": "Can change log entry",
    "content_type": 1,
    "codename": "change_logentry"
  }
},
{
  "model": "auth.permission",
  "pk": 3,
  "fields": {
    "name": "Can delete log entry",
    "content_type": 1,
    "codename": "delete_logentry"
  }
},
{
  "model": "auth.permission",
  "pk": 4,
  "fields": {
    "name": "Can view log entry",
    "content_type": 1,
    "codename": "view_logentry"
  }
},
{
  "model": "auth.permission",
  "pk": 5,
  "fields": {
    "name": "Can add permission",
    "content_type": 2,
    "codename": "add_permission"
  }
},
{
  "model": "auth.permission",
  "pk": 6,
  "fields": {
    "name": "Can change permission",
    "content_type": 2,
    "codename": "change_permission"
  }
},
{
  "model": "auth.permission",
  "pk": 7,
  "fields": {
    "name": "Can delete permission",
    "content_type": 2,
    "codename": "delete_permission"
  }
},
{
  "model": "auth.permission",
  "pk": 8,
  "fields": {
    "name": "Can view permission",
    "content_type": 2,
    "codename": "view_permission"
  }
},
{
  "model": "auth.permission",
  "pk": 9,
  "fields": {
    "name": "Can add group",
    "content_type": 3,
    "codename": "add_group"
  }
},
{
  "model": "auth.permission",
  "pk": 10,
  "fields": {
    "name": "Can change group",
    "content_type": 3,
    "codename": "change_group"
  }
},
{
  "model": "auth.permission",
  "pk": 11,
  "fields": {
    "name": "Can delete group",
    "content_type": 3,
    "codename": "delete_group"
  }
},
{
  "model": "auth.permission",
  "pk": 12,
  "fields": {
    "name": "Can view group",
    "content_type": 3,
    "codename": "view_group"
  }
},
{
  "model": "auth.permission",
  "pk": 13,
  "fields": {
    "name": "Can add user",
    "content_type": 4,
    "codename": "add_user"
  }
},
{
  "model": "auth.permission",
  "pk": 14,
  "fields": {
    "name": "Can change user",
    "content_type": 4,
    "codename": "change_user"
  }
},
{
  "model": "auth.permission",
  "pk": 15,
  "fields": {
    "name": "Can delete user",
    "content_type": 4,
    "codename": "delete_user"
  }
},
{
  "model": "auth.permission",
  "pk": 16,
  "fields": {
    "name": "Can view user",
    "content_type": 4,
    "codename": "view_user"
  }
},
{
  "model": "auth.permission",
  "pk": 17,
  "fields": {
    "name": "Can add content type",
    "content_type": 5,
    "codename": "add_contenttype"
  }
},
{
  "model": "auth.permission",
  "pk": 18,
  "fields": {
    "name": "Can change content type",
    "content_type": 5,
    "codename": "change_contenttype"
  }
},
{
  "model": "auth.permission",
  "pk": 19,
  "fields": {
    "name": "Can delete content type",
    "content_type": 5,
    "codename": "delete_contenttype"
  }
},
{
  "model": "auth.permission",
  "pk": 20,
  "fields": {
    "name": "Can view content type",
    "content_type": 5,
    "codename": "view_contenttype"
  }
},
{
  "model": "auth.permission",
  "pk": 21,
  "fields": {
    "name": "Can add session",
    "content_type": 6,
    "codename": "add_session"
  }
},
{
  "model": "auth.permission",
  "pk": 22,
  "fields": {
    "name": "Can change session",
    "content_type": 6,
    "codename": "change_session"
  }
},
{
  "model": "auth.permission",
  "pk": 23,
  "fields": {
    "name": "Can delete session",
    "content_type": 6,
    "codename": "delete_session"
  }
},
{
  "model": "auth.permission",
  "pk": 24,
  "fields": {
    "name": "Can view session",
    "content_type": 6,
    "codename": "view_session"
  }
},
{
  "model": "auth.permission",
  "pk": 25,
  "fields": {
    "name": "Can add site",
    "content_type": 7,
    "codename": "add_site"
  }
},
{
  "model": "auth.permission",
  "pk": 26,
  "fields": {
    "name": "Can change site",
    "content_type": 7,
    "codename": "change_site"
  }
},
{
  "model": "auth.permission",
  "pk": 27,
  "fields": {
    "name": "Can delete site",
    "content_type": 7,
    "codename": "delete_site"
  }
},
{
  "model": "auth.permission",
  "pk": 28,
  "fields": {
    "name": "Can view site",
    "content_type": 7,
    "codename": "view_site"
  }
},
{
  "model": "auth.permission",
  "pk": 29,
  "fields": {
    "name": "Can add tag",
    "content_type": 8,
    "codename": "add_tag"
  }
},
{
  "model": "auth.permission",
  "pk": 30,
  "fields": {
    "name": "Can change tag",
    "content_type": 8,
    "codename": "change_tag"
  }
},
{
  "model": "auth.permission",
  "pk": 31,
  "fields": {
    "name": "Can delete tag",
    "content_type": 8,
    "codename": "delete_tag"
  }
},
{
  "model": "auth.permission",
  "pk": 32,
  "fields": {
    "name": "Can view tag",
    "content_type": 8,
    "codename": "view_tag"
  }
},
{
  "model": "auth.permission",
  "pk": 33,
  "fields": {
    "name": "Can add tagged item",
    "content_type": 9,
    "codename": "add_taggeditem"
  }
},
{
  "model": "auth.permission",
  "pk": 34,
  "fields": {
    "name": "Can change tagged item",
    "content_type": 9,
    "codename": "change_taggeditem"
  }
},
{
  "model": "auth.permission",
  "pk": 35,
  "fields": {
    "name": "Can delete tagged item",
    "content_type": 9,
    "codename": "delete_taggeditem"
  }
},
{
  "model": "auth.permission",
  "pk": 36,
  "fields": {
    "name": "Can view tagged item",
    "content_type": 9,
    "codename": "view_taggeditem"
  }
},
{
  "model": "auth.permission",
  "pk": 37,
  "fields": {
    "name": "Can add post",
    "content_type": 10,
    "codename": "add_post"
  }
},
{
  "model": "auth.permission",
  "pk": 38,
  "fields": {
    "name": "Can change post",
    "content_type": 10,
    "codename": "change_post"
  }
},
{
  "model": "auth.permission",
  "pk": 39,
  "fields": {
    "name": "Can delete post",
    "content_type": 10,
    "codename": "delete_post"
  }
},
{
  "model": "auth.permission",
  "pk": 40,
  "fields": {
    "name": "Can view post",
    "content_type": 10,
    "codename": "view_post"
  }
},
{
  "model": "auth.permission",
  "pk": 41,
  "fields": {
    "name": "Can add comment",
    "content_type": 11,
    "codename": "add_comment"
  }
},
{
  "model": "auth.permission",
  "pk": 42,
  "fields": {
    "name": "Can change comment",
    "content_type": 11,
    "codename": "change_comment"
  }
},
{
  "model": "auth.permission",
  "pk": 43,
  "fields": {
    "name": "Can delete comment",
    "content_type": 11,
    "codename": "delete_comment"
  }
},
{
  "model": "auth.permission",
  "pk": 44,
  "fields": {
    "name": "Can view comment",
    "content_type": 11,
    "codename": "view_comment"
  }
},
{
  "model": "auth.user",
  "pk": 6,
  "fields": {
    "password": "pbkdf2_sha256$1000000$kIs3PrrRWlYnaxcAoUahuM$at81IHI5s2vhcCDJp9l1MoTEvKmF/jEaEW03Fyv1OwI=",
    "last_login": "2025-07-28T12:11:59.945Z",
    "is_superuser": true,
    "username": "admin",
    "first_name": "",
    "last_name": "",
    "email": "awasthi01@gmail.com",
    "is_staff": true,
    "is_active": true,
    "date_joined": "2025-07-28T12:11:29.078Z",
    "groups": [],
    "user_permissions": []
  }
},
{
  "model": "auth.user",
  "pk": 7,
  "fields": {
    "password": "!7sTpjxckiP1tDwx4UnQhbfsUFRSkxLTA0MLuvsDO",
    "last_login": null,
    "is_superuser": false,
    "username": "user",
    "first_name": "",
    "last_name": "",
    "email": "",
    "is_staff": false,
    "is_active": true,
    "date_joined": "2025-07-28T12:12:17.431Z",
    "groups": [],
    "user_permissions": []
  }
},
{
  "model": "contenttypes.contenttype",
  "pk": 1,
  "fields": {
    "app_label": "admin",
    "model": "logentry"
  }
},
{
  "model": "contenttypes.contenttype",
  "pk": 2,
  "fields": {
    "app_label": "auth",
    "model": "permission"
  }
},
{
  "model": "contenttypes.contenttype",
  "pk": 3,
  "fields": {
    "app_label": "auth",
    "model": "group"
  }
},
{
  "model": "contenttypes.contenttype",
  "pk": 4,
  "fields": {
    "app_label": "auth",
    "model": "user"
  }
},
{
  "model": "contenttypes.contenttype",
  "pk": 5,
  "fields": {
    "app_label": "contenttypes",
    "model": "contenttype"
  }
},
{
  "model": "contenttypes.contenttype",
  "pk": 6,
  "fields": {
    "app_label": "sessions",
    "model": "session"
  }
},
{
  "model": "contenttypes.contenttype",
  "pk": 7,
  "fields": {
    "app_label": "sites",
    "model": "site"
  }
},
{
  "model": "contenttypes.contenttype",
  "pk": 8,
  "fields": {
    "app_label": "taggit",
    "model": "tag"
  }
},
{
  "model": "contenttypes.contenttype",
  "pk": 9,
  "fields": {
    "app_label": "taggit",
    "model": "taggeditem"
  }
},
{
  "model": "contenttypes.contenttype",
  "pk": 10,
  "fields": {
    "app_label": "blog",
    "model": "post"
  }
},
{
  "model": "contenttypes.contenttype",
  "pk": 11,
  "fields": {
    "app_label": "blog",
    "model": "comment"
  }
},
{
  "model": "sessions.session",
  "pk": "odjlyl9h2festg0hfoykfmb1g73vfe0c",
  "fields": {
    "session_data": ".eJxVjMsOwiAQRf-FtSEDlAFcuvcbyPCSqoGktCvjv2uTLnR7zzn3xTxta_XbyIufEzszZKffLVB85LaDdKd26zz2ti5z4LvCDzr4taf8vBzu30GlUb81kIzaFhUKCCkUhiCMQECaXIzZCSBVFMGEGqFk49AKa43T2soSQVr2_gDJHTaz:1ugMhz:hZO3MISkJ1nZd0PQiZp8v6UGJ3_SXS9ml8-OK0YH00E",
    "expire_date": "2025-08-11T12:11:59.951Z"
  }
},
{
  "model": "sites.site",
  "pk": 1,
  "fields": {
    "domain": "example.com",
    "name": "example.com"
  }
},
{
  "model": "taggit.tag",
  "pk": 1,
  "fields": {
    "name": "Cooking",
    "slug": "cooking"
  }
},
{
  "model": "taggit.tag",
  "pk": 2,
  "fields": {
    "name": "Food",
    "slug": "food"
  }
},
{
  "model": "taggit.tag",
  "pk": 3,
  "fields": {
    "name": "DIY",
    "slug": "diy"
  }
},
{
  "model": "taggit.tag",
  "pk": 4,
  "fields": {
    "name": "Sustainability",
    "slug": "sustainability"
  }
},
{
  "model": "taggit.tag",
  "pk": 5,
  "fields": {
    "name": "Gardening",
    "slug": "gardening"
  }
},
{
  "model": "taggit.tag",
  "pk": 6,
  "fields": {
    "name": "Technology",
    "slug": "technology"
  }
},
{
  "model": "taggit.tag",
  "pk": 7,
  "fields": {
    "name": "Education",
    "slug": "education"
  }
},
{
  "model": "taggit.tag",
  "pk": 8,
  "fields": {
    "name": "Programming",
    "slug": "programming"
  }
},
{
  "model": "taggit.tag",
  "pk": 9,
  "fields": {
    "name": "Fashion",
    "slug": "fashion"
  }
},
{
  "model": "taggit.tag",
  "pk": 10,
  "fields": {
    "name": "Shopping",
    "slug": "shopping"
  }
},
{
  "model": "taggit.tag",
  "pk": 11,
  "fields": {
    "name": "Fitness",
    "slug": "fitness"
  }
},
{
  "model": "taggit.tag",
  "pk": 12,
  "fields": {
    "name": "Health",
    "slug": "health"
  }
},
{
  "model": "taggit.tag",
  "pk": 13,
  "fields": {
    "name": "Science",
    "slug": "science"
  }
},
{
  "model": "taggit.tag",
  "pk": 14,
  "fields": {
    "name": "Travel",
    "slug": "travel"
  }
},
{
  "model": "taggit.tag",
  "pk": 15,
  "fields": {
    "name": "Photography",
    "slug": "photography"
  }
},
{
  "model": "taggit.taggeditem",
  "pk": 1,
  "fields": {
    "tag": 1,
    "content_type": 10,
    "object_id": 1
  }
},
{
  "model": "taggit.taggeditem",
  "pk": 2,
  "fields": {
    "tag": 2,
    "content_type": 10,
    "object_id": 1
  }
},
{
  "model": "taggit.taggeditem",
  "pk": 3,
  "fields": {
    "tag": 3,
    "content_type": 10,
    "object_id": 1
  }
},
{
  "model": "taggit.taggeditem",
  "pk": 4,
  "fields": {
    "tag": 3,
    "content_type": 10,
    "object_id": 2
  }
},
{
  "model": "taggit.taggeditem",
  "pk": 5,
  "fields": {
    "tag": 4,
    "content_type": 10,
    "object_id": 2
  }
},
{
  "model": "taggit.taggeditem",
  "pk": 6,
  "fields": {
    "tag": 5,
    "content_type": 10,
    "object_id": 2
  }
},
{
  "model": "taggit.taggeditem",
  "pk": 7,
  "fields": {
    "tag": 8,
    "content_type": 10,
    "object_id": 3
  }
},
{
  "model": "taggit.taggeditem",
  "pk": 8,
  "fields": {
    "tag": 6,
    "content_type": 10,
    "object_id": 3
  }
},
{
  "model": "taggit.taggeditem",
  "pk": 9,
  "fields": {
    "tag": 7,
    "content_type": 10,
    "object_id": 3
  }
},
{
  "model": "taggit.taggeditem",
  "pk": 10,
  "fields": {
    "tag": 9,
    "content_type": 10,
    "object_id": 4
  }
},
{
  "model": "taggit.taggeditem",
  "pk": 11,
  "fields": {
    "tag": 10,
    "content_type": 10,
    "object_id": 4
  }
},
{
  "model": "taggit.taggeditem",
  "pk": 12,
  "fields": {
    "tag": 4,
    "content_type": 10,
    "object_id": 4
  }
},
{
  "model": "taggit.taggeditem",
  "pk": 13,
  "fields": {
    "tag": 3,
    "content_type": 10,
    "object_id": 5
  }
},
{
  "model": "taggit.taggeditem",
  "pk": 14,
  "fields": {
    "tag": 11,
    "content_type": 10,
    "object_id": 5
  }
},
{
  "model": "taggit.taggeditem",
  "pk": 15,
  "fields": {
    "tag": 12,
    "content_type": 10,
    "object_id": 5
  }
},
{
  "model": "taggit.taggeditem",
  "pk": 16,
  "fields": {
    "tag": 12,
    "content_type": 10,
    "object_id": 6
  }
},
{
  "model": "taggit.taggeditem",
  "pk": 17,
  "fields": {
    "tag": 13,
    "content_type": 10,
    "object_id": 6
  }
},
{
  "model": "taggit.taggeditem",
  "pk": 18,
  "fields": {
    "tag": 7,
    "content_type": 10,
    "object_id": 6
  }
},
{
  "model": "taggit.taggeditem",
  "pk": 19,
  "fields": {
    "tag": 10,
    "content_type": 10,
    "object_id": 7
  }
},
{
  "model": "taggit.taggeditem",
  "pk": 20,
  "fields": {
    "tag": 3,
    "content_type": 10,
    "object_id": 7
  }
},
{
  "model": "taggit.taggeditem",
  "pk": 21,
  "fields": {
    "tag": 14,
    "content_type": 10,
    "object_id": 7
  }
},
{
  "model": "taggit.taggeditem",
  "pk": 22,
  "fields": {
    "tag": 3,
    "content_type": 10,
    "object_id": 8
  }
},
{
  "model": "taggit.taggeditem",
  "pk": 23,
  "fields": {
    "tag": 13,
    "content_type": 10,
    "object_id": 8
  }
},
{
  "model": "taggit.taggeditem",
  "pk": 24,
  "fields": {
    "tag": 15,
    "content_type": 10,
    "object_id": 8
  }
},
{
  "model": "blog.post",
  "pk": 1,
  "fields": {
    "title": "The Art of Baking Bread",
    "slug": "the-art-of-baking-bread",
    "author": 7,
    "body": "Nothing beats the smell of fresh bread filling your kitchen. Mastering basic techniques like kneading and proofing can transform your homemade loaves from dense bricks to airy masterpieces.",
    "publish": "2025-07-28T12:22:40Z",
    "created": "2025-07-28T12:23:14.213Z",
    "updated": "2025-07-28T12:23:14.213Z",
    "status": "PB"
  }
},
{
  "model": "blog.post",
  "pk": 2,
  "fields": {
    "title": "Urban Gardening in Small Spaces",
    "slug": "urban-gardening-in-small-spaces",
    "author": 6,
    "body": "Even with just a balcony or windowsill, you can grow herbs, microgreens, and cherry tomatoes. Vertical planters and container gardening make urban agriculture surprisingly productive.",
    "publish": "2025-07-28T12:23:16Z",
    "created": "2025-07-28T12:23:46.762Z",
    "updated": "2025-07-28T12:23:46.762Z",
    "status": "PB"
  }
},
{
  "model": "blog.post",
  "pk": 3,
  "fields": {
    "title": "Beginner's Guide to Python",
    "slug": "beginners-guide-to-python",
    "author": 6,
    "body": "Python's clean syntax and vast libraries make it ideal for beginners. Start with basic data types and control structures before diving into more complex concepts.",
    "publish": "2025-07-28T12:23:52Z",
    "created": "2025-07-28T12:24:14.963Z",
    "updated": "2025-07-28T12:24:14.963Z",
    "status": "PB"
  }
},
{
  "model": "blog.post",
  "pk": 4,
  "fields": {
    "title": "Sustainable Fashion Choices",
    "slug": "sustainable-fashion-choices",
    "author": 7,
    "body": "Fast fashion has environmental costs, but thrifting, clothing swaps, and conscious buying can reduce your wardrobe's footprint without sacrificing style.",
    "publish": "2025-07-28T12:24:16Z",
    "created": "2025-07-28T12:24:44.648Z",
    "updated": "2025-07-28T12:24:44.648Z",
    "status": "PB"
  }
},
{
  "model": "blog.post",
  "pk": 5,
  "fields": {
    "title": "Quick Home Workouts",
    "slug": "quick-home-workouts",
    "author": 6,
    "body": "No gym membership? No problem. Bodyweight exercises like push-ups, squats, and planks can provide a full-body workout in just 20 minutes.",
    "publish": "2025-07-28T12:24:46Z",
    "created": "2025-07-28T12:25:12.057Z",
    "updated": "2025-07-28T12:25:12.057Z",
    "status": "PB"
  }
},
{
  "model": "blog.post",
  "pk": 6,
  "fields": {
    "title": "The Science of Sleep",
    "slug": "the-science-of-sleep",
    "author": 6,
    "body": "Quality sleep boosts memory, immunity, and mood. Maintain consistent bedtimes, limit screen exposure, and keep your bedroom cool for optimal rest.",
    "publish": "2025-07-28T12:25:13Z",
    "created": "2025-07-28T12:25:38.682Z",
    "updated": "2025-07-28T12:25:38.682Z",
    "status": "PB"
  }
},
{
  "model": "blog.post",
  "pk": 7,
  "fields": {
    "title": "Budget Travel Hacks",
    "slug": "budget-travel-hacks",
    "author": 7,
    "body": "Traveling cheaply doesn't mean sacrificing experiences. Off-season visits, public transportation, and local eats can stretch your budget significantly.",
    "publish": "2025-07-28T12:25:46Z",
    "created": "2025-07-28T12:26:12.002Z",
    "updated": "2025-07-28T12:26:12.002Z",
    "status": "PB"
  }
},
{
  "model": "blog.post",
  "pk": 8,
  "fields": {
    "title": "Introduction to Astrophotography",
    "slug": "introduction-to-astrophotography",
    "author": 7,
    "body": "Capturing the night sky requires patience and the right equipment. Start with a DSLR, tripod, and dark location to photograph the moon and brighter constellations.",
    "publish": "2025-07-28T12:26:13Z",
    "created": "2025-07-28T12:26:38.769Z",
    "updated": "2025-07-28T12:26:38.769Z",
    "status": "PB"
  }
}
]
